<keymap version="1" name="Mac OS X 10.5_idea" parent="Mac OS X 10.5+">
  <action id="Back">
    <keyboard-shortcut first-keystroke="meta semicolon" />
    <keyboard-shortcut first-keystroke="alt j" />
  </action>
  <action id="CheckinProject" />
  <action id="CodeCompletion">
    <keyboard-shortcut first-keystroke="alt slash" />
  </action>
  <action id="Console.TableResult.AddColumn" />
  <action id="EditSource">
    <keyboard-shortcut first-keystroke="f4" />
  </action>
  <action id="EditorAddOrRemoveCaret" />
  <action id="EditorCloneCaretAbove">
    <keyboard-shortcut first-keystroke="ctrl meta alt up" />
  </action>
  <action id="EditorCloneCaretBelow">
    <keyboard-shortcut first-keystroke="ctrl meta alt down" />
  </action>
  <action id="EditorCompleteStatement" />
  <action id="EditorCutLineEnd" />
  <action id="EditorDown">
    <keyboard-shortcut first-keystroke="down" />
  </action>
  <action id="EditorDownWithSelection">
    <keyboard-shortcut first-keystroke="shift down" />
    <keyboard-shortcut first-keystroke="shift alt j" />
  </action>
  <action id="EditorDuplicate" />
  <action id="EditorDuplicateLines">
    <keyboard-shortcut first-keystroke="meta d" />
  </action>
  <action id="EditorLeft">
    <keyboard-shortcut first-keystroke="left" />
  </action>
  <action id="EditorLeftWithSelection">
    <keyboard-shortcut first-keystroke="shift alt h" />
    <keyboard-shortcut first-keystroke="shift left" />
  </action>
  <action id="EditorMoveUpAndScroll">
    <keyboard-shortcut first-keystroke="ctrl k" />
  </action>
  <action id="EditorMoveUpAndScrollWithSelection">
    <keyboard-shortcut first-keystroke="shift ctrl k" />
  </action>
  <action id="EditorRight">
    <keyboard-shortcut first-keystroke="right" />
  </action>
  <action id="EditorRightWithSelection">
    <keyboard-shortcut first-keystroke="shift alt l" />
    <keyboard-shortcut first-keystroke="shift right" />
  </action>
  <action id="EditorSelectWord">
    <keyboard-shortcut first-keystroke="alt up" />
    <keyboard-shortcut first-keystroke="ctrl w" />
  </action>
  <action id="EditorToggleColumnMode">
    <mouse-shortcut keystroke="control button1" />
    <mouse-shortcut keystroke="control meta alt button1" />
  </action>
  <action id="EditorUp">
    <keyboard-shortcut first-keystroke="up" />
  </action>
  <action id="EditorUpWithSelection">
    <keyboard-shortcut first-keystroke="shift up" />
    <keyboard-shortcut first-keystroke="shift alt k" />
  </action>
  <action id="FileChooser.NewFolder" />
  <action id="FindUsages">
    <keyboard-shortcut first-keystroke="ctrl u" />
  </action>
  <action id="Forward">
    <keyboard-shortcut first-keystroke="meta quote" />
    <keyboard-shortcut first-keystroke="alt k" />
  </action>
  <action id="Generate">
    <keyboard-shortcut first-keystroke="ctrl enter" />
  </action>
  <action id="GoFmtFileAction">
    <keyboard-shortcut first-keystroke="ctrl f" />
  </action>
  <action id="GoFmtProjectAction">
    <keyboard-shortcut first-keystroke="shift ctrl f" />
  </action>
  <action id="GoImportsFileAction">
    <keyboard-shortcut first-keystroke="ctrl meta alt enter" />
  </action>
  <action id="GoTypeHierarchyPopupMenu.BaseOnThisType" />
  <action id="GotoDeclaration">
    <keyboard-shortcut first-keystroke="meta b" />
    <mouse-shortcut keystroke="meta button1" />
    <mouse-shortcut keystroke="button2" />
    <keyboard-shortcut first-keystroke="alt d" />
  </action>
  <action id="GotoLine" />
  <action id="HippieCompletion" />
  <action id="Images.Editor.ToggleGrid" />
  <action id="InsertLiveTemplate" />
  <action id="MethodHierarchy" />
  <action id="MoveLineDown">
    <keyboard-shortcut first-keystroke="meta down" />
  </action>
  <action id="MoveLineUp">
    <keyboard-shortcut first-keystroke="meta up" />
  </action>
  <action id="NewElement">
    <keyboard-shortcut first-keystroke="ctrl enter" />
  </action>
  <action id="NextSplitter">
    <keyboard-shortcut first-keystroke="meta close_bracket" />
  </action>
  <action id="NextTab">
    <keyboard-shortcut first-keystroke="alt close_bracket" />
    <keyboard-shortcut first-keystroke="alt l" />
  </action>
  <action id="PrevSplitter">
    <keyboard-shortcut first-keystroke="meta open_bracket" />
  </action>
  <action id="PreviousTab">
    <keyboard-shortcut first-keystroke="alt open_bracket" />
    <keyboard-shortcut first-keystroke="alt h" />
  </action>
  <action id="ReformatCode">
    <keyboard-shortcut first-keystroke="ctrl l" />
  </action>
  <action id="Refresh">
    <keyboard-shortcut first-keystroke="shift r" />
  </action>
  <action id="RenameElement">
    <keyboard-shortcut first-keystroke="meta r" />
  </action>
  <action id="ReopenClosedTab">
    <keyboard-shortcut first-keystroke="shift meta x" />
  </action>
  <action id="Replace">
    <keyboard-shortcut first-keystroke="ctrl meta r" />
  </action>
  <action id="Rerun" />
  <action id="RerunTests">
    <keyboard-shortcut first-keystroke="shift alt r" />
  </action>
  <action id="SearchEverywhere.NavigateToNextGroup">
    <keyboard-shortcut first-keystroke="page_down" />
  </action>
  <action id="SearchEverywhere.NavigateToPrevGroup">
    <keyboard-shortcut first-keystroke="page_up" />
  </action>
  <action id="SearchEverywhere.NextTab" />
  <action id="SearchEverywhere.PrevTab" />
  <action id="SelectNextOccurrence">
    <keyboard-shortcut first-keystroke="meta n" />
  </action>
  <action id="ShowNavBar">
    <keyboard-shortcut first-keystroke="alt home" />
  </action>
  <action id="ShowProjectStructureSettings">
    <keyboard-shortcut first-keystroke="meta back_slash" />
  </action>
  <action id="ShowSettings" />
  <action id="SmartTypeCompletion">
    <keyboard-shortcut first-keystroke="ctrl slash" />
  </action>
  <action id="SplitHorizontally">
    <keyboard-shortcut first-keystroke="ctrl open_bracket" />
  </action>
  <action id="SplitVertically">
    <keyboard-shortcut first-keystroke="ctrl close_bracket" />
  </action>
  <action id="TranslatePlugin.TranslateAction">
    <keyboard-shortcut first-keystroke="meta t" />
  </action>
  <action id="TypeHierarchy" />
  <action id="TypeHierarchy.BaseOnThisType" />
  <action id="TypeHierarchyBase.BaseOnThisType" />
  <action id="Vcs.Log.FocusTextFilter" />
  <action id="Vcs.Push" />
  <action id="Vcs.ReformatCommitMessage">
    <keyboard-shortcut first-keystroke="meta alt l" />
  </action>
  <action id="Vcs.UpdateProject" />
  <action id="emacsIDEAs.AceJumpCopy.Block" />
  <action id="emacsIDEAs.AceJumpCopy.Group" />
  <action id="emacsIDEAs.AceJumpCopy.Line" />
  <action id="emacsIDEAs.AceJumpCopy.Paragraph" />
  <action id="emacsIDEAs.AceJumpCopy.Quote" />
  <action id="emacsIDEAs.AceJumpCopy.String" />
  <action id="emacsIDEAs.AceJumpCopy.ToLineEnd" />
  <action id="emacsIDEAs.AceJumpCopy.ToLineStart" />
  <action id="emacsIDEAs.AceJumpCopy.ToParagraphEnd" />
  <action id="emacsIDEAs.AceJumpCopy.ToParagraphStart" />
  <action id="emacsIDEAs.AceJumpCopy.Word" />
</keymap>