<keymap version="1" name="Mac OS X 10.5_idea" parent="Mac OS X 10.5+">
  <action id="Back">
    <keyboard-shortcut first-keystroke="ctrl comma" />
  </action>
  <action id="CodeCompletion">
    <keyboard-shortcut first-keystroke="alt slash" />
  </action>
  <action id="Console.TableResult.AddColumn" />
  <action id="EditSource">
    <keyboard-shortcut first-keystroke="f4" />
  </action>
  <action id="EditorAddOrRemoveCaret" />
  <action id="EditorCloneCaretAbove">
    <keyboard-shortcut first-keystroke="ctrl meta alt up" />
  </action>
  <action id="EditorCloneCaretBelow">
    <keyboard-shortcut first-keystroke="ctrl meta alt down" />
  </action>
  <action id="EditorCompleteStatement" />
  <action id="EditorDuplicate" />
  <action id="EditorDuplicateLines">
    <keyboard-shortcut first-keystroke="meta d" />
  </action>
  <action id="EditorRight">
    <keyboard-shortcut first-keystroke="right" />
  </action>
  <action id="EditorToggleColumnMode">
    <mouse-shortcut keystroke="control button1" />
    <mouse-shortcut keystroke="control meta alt button1" />
  </action>
  <action id="FileChooser.NewFolder" />
  <action id="Forward" />
  <action id="Generate">
    <keyboard-shortcut first-keystroke="ctrl enter" />
  </action>
  <action id="GoFmtFileAction">
    <keyboard-shortcut first-keystroke="ctrl f" />
  </action>
  <action id="GoFmtProjectAction">
    <keyboard-shortcut first-keystroke="shift ctrl f" />
  </action>
  <action id="GoImportsFileAction">
    <keyboard-shortcut first-keystroke="ctrl meta alt enter" />
  </action>
  <action id="HippieCompletion" />
  <action id="MoveLineDown">
    <keyboard-shortcut first-keystroke="meta down" />
  </action>
  <action id="MoveLineUp">
    <keyboard-shortcut first-keystroke="meta up" />
  </action>
  <action id="NewElement">
    <keyboard-shortcut first-keystroke="ctrl enter" />
  </action>
  <action id="NextSplitter">
    <keyboard-shortcut first-keystroke="shift ctrl period" />
  </action>
  <action id="PrevSplitter">
    <keyboard-shortcut first-keystroke="shift ctrl comma" />
  </action>
  <action id="ReformatCode">
    <keyboard-shortcut first-keystroke="ctrl l" />
  </action>
  <action id="Refresh">
    <keyboard-shortcut first-keystroke="shift r" />
  </action>
  <action id="RenameElement">
    <keyboard-shortcut first-keystroke="meta r" />
  </action>
  <action id="ReopenClosedTab">
    <keyboard-shortcut first-keystroke="shift meta x" />
  </action>
  <action id="Replace">
    <keyboard-shortcut first-keystroke="ctrl meta r" />
  </action>
  <action id="Rerun" />
  <action id="RerunTests">
    <keyboard-shortcut first-keystroke="shift alt r" />
  </action>
  <action id="SearchEverywhere.NavigateToNextGroup">
    <keyboard-shortcut first-keystroke="page_down" />
  </action>
  <action id="SearchEverywhere.NavigateToPrevGroup">
    <keyboard-shortcut first-keystroke="page_up" />
  </action>
  <action id="SearchEverywhere.NextTab">
    <keyboard-shortcut first-keystroke="ctrl close_bracket" />
  </action>
  <action id="SearchEverywhere.PrevTab">
    <keyboard-shortcut first-keystroke="ctrl open_bracket" />
  </action>
  <action id="SelectNextOccurrence">
    <keyboard-shortcut first-keystroke="meta n" />
  </action>
  <action id="ShowNavBar">
    <keyboard-shortcut first-keystroke="alt home" />
  </action>
  <action id="SmartTypeCompletion">
    <keyboard-shortcut first-keystroke="ctrl slash" />
  </action>
  <action id="SplitHorizontally">
    <keyboard-shortcut first-keystroke="meta open_bracket" />
  </action>
  <action id="SplitVertically">
    <keyboard-shortcut first-keystroke="meta close_bracket" />
  </action>
  <action id="TranslatePlugin.TranslateAction">
    <keyboard-shortcut first-keystroke="meta t" />
  </action>
  <action id="Vcs.ReformatCommitMessage">
    <keyboard-shortcut first-keystroke="meta alt l" />
  </action>
  <action id="Vcs.UpdateProject" />
</keymap>