<application>
  <component name="FileTypeManager" version="17">
    <extensionMap>
      <mapping ext="klib" type="ARCHIVE" />
      <mapping ext="tps" type="DBN-PSQL" />
      <mapping ext="tpe" type="DBN-PSQL" />
      <mapping ext="pks" type="DBN-PSQL" />
      <mapping ext="fnc" type="DBN-PSQL" />
      <mapping ext="pkg" type="DBN-PSQL" />
      <mapping ext="pkb" type="DBN-PSQL" />
      <mapping ext="tpb" type="DBN-PSQL" />
      <mapping ext="prc" type="DBN-PSQL" />
      <mapping ext="trg" type="DBN-PSQL" />
      <mapping ext="vw" type="DBN-SQL" />
      <mapping ext="protoc" type="Native" />
      <mapping pattern="tt" type="PLAIN_TEXT" />
      <mapping pattern="tt2" type="PLAIN_TEXT" />
      <mapping pattern="ss" type="PLAIN_TEXT" />
      <mapping pattern="aaa" type="PLAIN_TEXT" />
      <mapping pattern=".env" type="PLAIN_TEXT" />
      <mapping pattern=".goenv" type="PLAIN_TEXT" />
      <mapping pattern="Dockerfile" type="PLAIN_TEXT" />
      <mapping pattern="aa" type="PLAIN_TEXT" />
      <mapping ext="sum" type="PLAIN_TEXT" />
      <mapping ext="cnf" type="PLAIN_TEXT" />
    </extensionMap>
  </component>
</application>